*TABLE BLNPROP,Blending properties of the gasoline components
,TEXT,LSR,ISO,RFT,FCN,HCN,ALK,NC4,MTB
RON,"Research octane, blending value",68.0,87.6,100.0,92.6,87.1,95.6,94.0,116.0
MON,"Motor octane, blending value",66.0,85.9,89.0,80.4,77.9,93.1,90.0,101.0
DEN,"Density, kg/m3 at 15 C",656,651,815,676,818,697,584,745
RVP,"Reid vapour pressure, kPa",80,92,28,74,10,34,356,58
SUL,"Sulfur, mg/kg",0.8,0.3,0.3,7.0,9.0,3.0,2.0,5.0
BNZ,"Benzene, vol%",1.3,0.05,2.0,0.9,0.3,0.0,0.0,0.0
ARO,"Aromatics, vol%",3.0,0.4,72,10,49,0,0,0
OLE,"Olefins, vol%",0.3,0.1,1.0,42,10,0.4,0.5,0.0
OXY,"Oxygen, wt%",0,0,0,0,0,0,0,18.2
